id,name,country_id,playing_role,bating_style,bowling_style,matches,innings,runs,average_score,strike_rate,100s,50,wickets,bowling_avg,bowling_econ,bowling_sr,batting_avg_allround,bowling_avg_allround,wickets_allround
935995,Afif Hossain,25,allrounder,left-hand bat,right-arm offbreak,22,19,495,35.35,90.65,0,3,3,22.66,4.97,27.3,35.35,22.66,3
380354,Anamul Haque,25,wicketkeeper batter,right-hand bat,,44,41,1254,30.58,74.15,3,5,,,,,30.58,,
1346729,Dilara Akter,25,wicketkeeper batter,right-hand bat,,,,,,,,,,,,,,,
932355,Ebadot Hossain,25,bowler,right-hand bat,right-arm fast-medium,4,3,0,0,0,0,0,11,19.09,5.94,19.2,0,19.09,11
627048,Fahima Khatun,25,bowler,right-hand bat,legbreak,,,,,,,,,,,,,,
486995,Fargana Hoque,25,top-order batter,right-hand bat,,,,,,,,,,,,,,,
1195124,Fariha Trisna,25,bowler,right-hand bat,left-arm medium,,,,,,,,,,,,,,
926629,Hasan Mahmud,25,bowler,right-hand bat,right-arm medium,6,3,1,0.33,9.09,0,0,8,32,5.9,32.5,0.33,32,8
343649,Jahanara Alam,25,bowler,right-hand bat,right-arm medium,,,,,,,,,,,,,,
927619,Khaled Ahmed,25,bowler,right-hand bat,right-arm medium,,,,,,,,,,,,,,
346295,Lata Mondal,25,allrounder,right-hand bat,right-arm medium,,,,,,,,,,,,,,
536936,Litton Das,25,wicketkeeper batter,right-hand bat,right-arm offbreak,60,60,1912,34.76,87.58,5,7,,,,,34.76,,
833087,Mahedi Hasan,25,allrounder,right-hand bat,right-arm offbreak,3,3,24,8,72.72,0,0,2,52.5,4.56,69,8,52.5,2
1161381,Mahmudul Hasan Joy,25,top-order batter,right-hand bat,,,,,,,,,,,,,,,
56025,Mahmudullah,25,allrounder,right-hand bat,right-arm offbreak,215,187,4879,35.61,76.32,3,27,82,45.26,5.21,52.1,35.61,45.26,82
1332561,Marufa Akter,25,bowler,right-hand bat,right-arm medium-fast,,,,,,,,,,,,,,
629063,Mehidy Hasan Miraz,25,allrounder,right-hand bat,right-arm offbreak,67,42,756,22.9,78.91,1,2,79,32.89,4.66,42.3,22.9,32.89,79
990081,Mohammad Naim,25,opening batter,left-hand bat,,2,1,1,1,50,0,0,,,,,1,,
629070,Mohammad Saifuddin,25,bowling allrounder,left-hand bat,right-arm medium-fast,29,19,362,36.2,85.78,0,2,41,31.19,5.98,31.2,36.2,31.19,41
373696,Mominul Haque,25,middle-order batter,left-hand bat,slow left-arm orthodox,28,26,557,22.28,74.36,0,3,7,27.14,4.87,33.4,22.28,27.14,7
550133,Mosaddek Hossain,25,middle-order batter,right-hand bat,right-arm offbreak,43,35,634,25.36,82.76,0,3,17,57,5.14,66.4,25.36,57,17
1145089,S Mostary,25,middle-order batter,right-hand bat,right-arm medium,,,,,,,,,,,,,,
549950,Munim Shahriar,25,batter,right-hand bat,right-arm medium-fast,,,,,,,,,,,,,,
1080264,Murshida Khatun,25,opening batter,left-hand bat,,,,,,,,,,,,,,,
56029,Mushfiqur Rahim,25,wicketkeeper batter,right-hand bat,,239,224,6811,36.42,78.77,8,42,,,,,36.42,,
330902,Mustafizur Rahman,25,bowler,left-hand bat,left-arm fast-medium,82,36,105,7.5,57.37,0,0,141,23.9,5.08,28.2,7.5,23.9,141
924183,Nahida Akter,25,bowler,right-hand bat,slow left-arm orthodox,,,,,,,,,,,,,,
629058,Najmul Hossain Shanto,25,top-order batter,left-hand bat,right-arm offbreak,15,15,210,14,60.86,0,0,0,,4,,14,,0
348049,Nasum Ahmed,25,bowler,left-hand bat,slow left-arm orthodox,4,1,18,,163.63,0,0,5,25.6,3.39,45.2,,25.6,5
932635,Nayeem Hasan,25,bowler,right-hand bat,right-arm offbreak,,,,,,,,,,,,,,
924177,Nigar Sultana,25,wicketkeeper batter,right-hand bat,,,,,,,,,,,,,,,
410765,Nurul Hasan,25,wicketkeeper batter,right-hand bat,,6,5,165,82.5,94.82,0,0,,,,,82.5,,
1139511,Parvez Hossain Emon,25,wicketkeeper batter,left-hand bat,,,,,,,,,,,,,,,
1204964,Rabeya Khan,25,allrounder,right-hand bat,legbreak,,,,,,,,,,,,,,
478808,Ritu Moni,25,allrounder,right-hand bat,right-arm medium,,,,,,,,,,,,,,
343648,Rumana Ahmed,25,allrounder,right-hand bat,legbreak,,,,,,,,,,,,,,
373538,Sabbir Rahman,25,middle-order batter,right-hand bat,legbreak,66,59,1333,25.63,91.23,1,6,3,115,6.76,102,25.63,115,3
301603,Salma Khatun,25,allrounder,right-hand bat,right-arm offbreak,,,,,,,,,,,,,,
1205142,Sanjida Akter Meghla,25,bowler,right-hand bat,slow left-arm orthodox,,,,,,,,,,,,,,
629057,Shadman Islam,25,opening batter,left-hand bat,slow left-arm orthodox,,,,,,,,,,,,,,
420402,Afsar Zazai,40,wicketkeeper batter,right-hand bat,,17,16,264,17.6,54.09,0,2,,,,,17.6,,
819429,Azmatullah Omarzai,40,allrounder,right-hand bat,right-arm medium-fast,7,4,35,11.66,62.5,0,0,4,44.75,4.36,61.5,11.66,44.75,4
819441,Darwish Rasooli,40,top-order batter,right-hand bat,right-arm offbreak,,,,,,,,,,,,,,
568136,Fareed Ahmad,40,bowler,left-hand bat,left-arm fast-medium,11,3,7,,33.33,0,0,15,22.86,4.63,29.6,,22.86,15
974175,Fazalhaq Farooqi,40,bowler,right-hand bat,left-arm fast-medium,10,3,2,2,25,0,0,17,23.7,5.09,27.9,2,23.7,17
352048,Gulbadin Naib,40,batting allrounder,right-hand bat,right-arm medium-fast,75,64,1150,20.53,73.15,0,5,64,35.6,5.41,39.4,20.53,35.6,64
440970,Hashmatullah Shahidi,40,top-order batter,left-hand bat,right-arm offbreak,53,53,1505,32.71,65.57,0,13,0,,8.33,,32.71,,0
793457,Hazratullah Zazai,40,opening batter,left-hand bat,slow left-arm orthodox,16,16,361,22.56,88.26,0,2,,,,,22.56,,
921509,Ibrahim Zadran,40,opening batter,right-hand bat,right-arm medium-fast,8,8,433,61.85,87.12,3,0,,,,,61.85,,
703323,Ihsanullah,40,top-order batter,right-hand bat,,16,16,307,21.92,69.77,0,3,,,,,21.92,,
793467,Karim Janat,40,bowling allrounder,right-hand bat,right-arm medium,1,1,9,9,27.27,0,0,0,,7.75,,9,,0
25913,Mohammad Nabi,40,allrounder,right-hand bat,right-arm offbreak,136,121,2968,27.48,85.33,1,15,144,32.13,4.28,44.9,27.48,32.13,144
974109,Mujeeb Ur Rahman,40,bowler,right-hand bat,right-arm offbreak,55,27,97,6.92,75.78,0,0,79,24.75,4.06,36.5,6.92,24.75,79
524049,Najibullah Zadran,40,middle-order batter,left-hand bat,right-arm offbreak,82,75,1974,31.33,90.26,1,15,0,,6,,31.33,,0
793447,Naveen-ul-Haq,40,bowler,right-hand bat,right-arm medium-fast,7,5,21,21,72.41,0,0,14,25.42,5.78,26.3,21,25.42,14
913843,Nijat Masood,40,bowler,right-hand bat,right-arm medium,,,,,,,,,,,,,,
1182529,Noor Ahmad,40,bowler,right-hand bat,left-arm wrist-spin,1,1,2,,200,0,0,0,,8,,,,0
914171,Qais Ahmad,40,bowler,right-hand bat,legbreak,1,,,,,,,3,10.66,4.17,15.3,,10.66,3
974087,Rahmanullah Gurbaz,40,wicketkeeper batter,right-hand bat,,15,15,582,41.57,88.31,3,2,,,,,41.57,,
533956,Rahmat Shah,40,allrounder,right-hand bat,legbreak googly,88,84,3083,38.06,70.5,5,22,14,36.71,5.81,37.8,38.06,36.71,14
793463,Rashid Khan,40,bowling allrounder,right-hand bat,legbreak googly,86,68,1134,20.25,105.29,0,5,163,18.55,4.17,26.6,20.25,18.55,163
1061090,Riaz Hassan,40,,right-hand bat,,,,,,,,,,,,,,,
318339,Samiullah Shinwari,40,allrounder,right-hand bat,legbreak,84,74,1811,29.2,65.49,0,11,46,37.58,4.91,45.8,29.2,37.58,46
633362,Sharafuddin Ashraf,40,allrounder,right-hand bat,slow left-arm orthodox,19,11,66,9.42,66,0,0,13,46.53,4.28,65.2,9.42,46.53,13
711559,Usman Ghani,40,opening batter,right-hand bat,,17,17,435,25.58,75.25,1,2,1,34,5.36,38,25.58,34,1
440968,Yamin Ahmadzai,40,bowler,right-hand bat,right-arm medium-fast,9,5,9,3,28.12,0,0,7,43.42,5.36,48.5,3,43.42,7
959759,FH Allen,5,top-order batter,right-hand bat,,17,16,482,30.12,94.14,0,4,,,,,30.12,,
54565,SW Bates,5,allrounder,right-hand bat,right-arm medium,,,,,,,,,,,,,,
499247,B Bezuidenhout,5,top-order batter,right-hand bat,,,,,,,,,,,,,,,
440516,TA Blundell,5,wicketkeeper batter,right-hand bat,right-arm offbreak,2,2,31,15.5,88.57,0,0,,,,,15.5,,
277912,TA Boult,5,bowler,right-hand bat,left-arm fast-medium,99,45,191,9.09,77.95,0,0,187,23.97,4.93,29.1,9.09,23.97,187
362541,DAJ Bracewell,5,bowler,right-hand bat,right-arm fast-medium,21,14,221,18.41,80.65,0,1,26,32.5,4.99,39,18.41,32.5,26
326968,MG Bracewell,5,batting allrounder,left-hand bat,right-arm offbreak,19,16,510,42.5,118.6,2,0,15,42.26,5.15,49.2,42.5,42.26,15
544558,RM Burns,5,,right-hand bat,right-arm offbreak,,,,,,,,,,,,,,
1169661,EJ Carson,5,bowler,right-hand bat,right-arm offbreak,,,,,,,,,,,,,,
438563,MS Chapman,5,allrounder,left-hand bat,slow left-arm orthodox,7,7,262,52.4,104.38,2,0,,,,,52.4,,
440517,D Cleaver,5,wicketkeeper batter,right-hand bat,legbreak,1,1,32,32,86.48,0,0,,,,,32,,
379140,DP Conway,5,wicketkeeper batter,left-hand bat,right-arm medium,18,17,733,45.81,86.54,3,3,,,,,45.81,,
55395,C de Grandhomme,5,allrounder,right-hand bat,right-arm medium-fast,45,35,742,26.5,106.15,0,4,30,41,4.76,51.6,26.5,41,30
231740,SFM Devine,5,batting allrounder,right-hand bat,right-arm medium,,,,,,,,,,,,,,
543466,LR Down,5,batter,right-hand bat,right-arm medium,,,,,,,,,,,,,,
547766,JA Duffy,5,bowler,right-hand bat,right-arm fast-medium,3,1,0,0,0,0,0,7,29.14,7.65,22.8,0,29.14,7
493773,LH Ferguson,5,bowler,right-hand bat,right-arm fast,53,25,97,6.92,49.23,0,0,85,31.04,5.66,32.8,6.92,31.04,85
1211545,IC Gaze,5,wicketkeeper batter,right-hand bat,,,,,,,,,,,,,,,
438265,ML Green,5,middle-order batter,right-hand bat,right-arm offbreak,,,,,,,,,,,,,,
226492,MJ Guptill,5,opening batter,right-hand bat,right-arm offbreak,198,195,7346,41.73,87.29,18,39,4,24.5,5.39,27.2,41.73,24.5,4
594654,BM Halliday,5,allrounder,left-hand bat,right-arm medium,,,,,,,,,,,,,,
506612,MJ Henry,5,bowler,right-hand bat,right-arm fast-medium,65,25,223,13.11,92.91,0,0,116,25.47,5.2,29.3,13.11,25.47,116
625960,KA Jamieson,5,bowler,right-hand bat,right-arm fast-medium,8,3,34,34,109.67,0,0,11,26.9,4.31,37.4,34,26.9,11
439029,HNK Jensen,5,bowler,right-hand bat,right-arm medium,,,,,,,,,,,,,,
1208952,FC Jonas,5,bowler,right-hand bat,slow left-arm orthodox,,,,,,,,,,,,,,
803971,AC Kerr,5,allrounder,right-hand bat,legbreak,,,,,,,,,,,,,,
1068933,JM Kerr,5,bowler,right-hand bat,right-arm medium,,,,,,,,,,,,,,
388802,TWM Latham,5,wicketkeeper batter,left-hand bat,right-arm medium,123,113,3467,35.02,85.28,7,18,,,,,35.02,,
1125536,BG Lister,5,bowler,right-hand bat,left-arm medium,,,,,,,,,,,,,,
312174,FL Mackay,5,opening batter,right-hand bat,right-arm offbreak,,,,,,,,,,,,,,
701751,RA Mair,5,bowler,right-hand bat,right-arm medium,,,,,,,,,,,,,,
54537,KJ Martin,5,wicketkeeper batter,right-hand bat,,,,,,,,,,,,,,,
385029,JT McFadyen,5,wicketkeeper,right-hand bat,,,,,,,,,,,,,,,
450860,AF Milne,5,bowler,right-hand bat,right-arm fast,42,17,168,16.8,101.81,0,0,45,37.88,5.32,42.6,16.8,37.88,45
381743,DJ Mitchell,5,allrounder,right-hand bat,right-arm medium,19,16,479,36.84,86.93,1,2,6,23.66,5.68,25,36.84,23.66,6
355269,JDS Neesham,5,batting allrounder,left-hand bat,right-arm medium-fast,71,61,1409,28.18,98.94,0,6,69,33.62,6.06,33.2,28.18,33.62,69
539511,HM Nicholls,5,top-order batter,left-hand bat,right-arm offbreak,61,59,1652,34.41,81.82,1,13,,,,,34.41,,
595783,AY Patel,5,bowler,left-hand bat,slow left-arm orthodox,,,,,,,,,,,,,,
1239671,MM Penfold,5,bowler,right-hand bat,right-arm medium,,,,,,,,,,,,,,
823509,GD Phillips,5,wicketkeeper batter,right-hand bat,right-arm offbreak,15,11,312,31.2,90.43,0,1,5,26.2,6.55,24,31.2,26.2,5
468573,GR Adair,29,,right-hand bat,slow left-arm orthodox,,,,,,,,,,,,,,
526441,MR Adair,29,bowling allrounder,right-hand bat,right-arm fast-medium,29,22,261,20.07,105.66,0,0,32,38.03,5.95,38.3,20.07,38.03,32
303423,A Balbirnie,29,batter,right-hand bat,right-arm offbreak,89,86,2665,33.31,75.71,8,13,2,34,6.8,30,33.31,34,2
595921,C Campher,29,allrounder,right-hand bat,right-arm medium-fast,19,16,471,31.4,71.9,0,4,15,34.86,5.59,37.4,31.4,34.86,15
1229015,A Canning,29,bowler,right-hand bat,right-arm medium,,,,,,,,,,,,,,
594992,M Commins,29,batter,left-hand bat,,,,,,,,,,,,,,,
1229005,A Dalzell,29,,right-hand bat,right-arm medium,,,,,,,,,,,,,,
1099379,GJ Delany,29,batting allrounder,right-hand bat,legbreak googly,14,13,159,17.66,89.32,0,0,4,49.5,6.82,43.5,17.66,49.5,4
418420,L Delany,29,allrounder,right-hand bat,right-arm medium,,,,,,,,,,,,,,
1229017,G Dempsey,29,allrounder,right-hand bat,right-arm medium,,,,,,,,,,,,,,
348034,GH Dockrell,29,allrounder,right-hand bat,slow left-arm orthodox,105,73,928,18.93,77.98,0,3,93,37.73,4.78,47.3,18.93,37.73,93
961401,ST Doheny,29,opening batter,right-hand bat,,3,2,87,43.5,72.5,0,1,,,,,43.5,,
1229023,S Forbes,29,,right-hand bat,,,,,,,,,,,,,,,
303508,SC Getkate,29,allrounder,right-hand bat,right-arm medium-fast,4,2,23,23,100,0,0,7,20.71,4.53,27.4,23,20.71,7
1099225,F Hand,29,bowling allrounder,right-hand bat,right-arm medium,,,,,,,,,,,,,,
379144,GI Hume,29,bowler,left-hand bat,right-arm fast-medium,4,1,7,,63.63,0,0,4,43.75,6.03,43.5,,43.75,4
1229014,A Hunter,29,wicketkeeper batter,right-hand bat,,,,,,,,,,,,,,,
571707,TE Kane,29,bowler,right-hand bat,right-arm medium-fast,,,,,,,,,,,,,,
418422,SM Kavanagh,29,middle-order batter,right-hand bat,right-arm medium,,,,,,,,,,,,,,
592593,AN Kelly,29,allrounder,right-hand bat,right-arm medium,,,,,,,,,,,,,,
774347,GH Lewis,29,allrounder,right-hand bat,legbreak,,,,,,,,,,,,,,
928067,JB Little,29,bowler,right-hand bat,left-arm fast-medium,25,10,26,3.71,66.66,0,0,38,29.36,5.64,31.2,3.71,29.36,38
1094718,L Little,29,,right-hand bat,right-arm medium,,,,,,,,,,,,,,
1094720,S MacMahon,29,,right-hand bat,right-arm medium,,,,,,,,,,,,,,
1229018,J Maguire,29,bowler,right-hand bat,right-arm medium,,,,,,,,,,,,,,
417381,AR McBrine,29,bowler,left-hand bat,right-arm offbreak,70,46,672,19.76,71.33,0,2,76,32.81,4.42,44.5,19.76,32.81,76
348059,BJ McCarthy,29,bowler,right-hand bat,right-arm fast-medium,38,26,162,8.1,56.84,0,0,61,29.81,5.77,30.9,8.1,29.81,61
1135028,C Murray,29,bowler,right-hand bat,"legbreak,legbreak",,,,,,,,,,,,,,
1229953,C Olphert,29,bowler,right-hand bat,right-arm medium,,,,,,,,,,,,,,
1026403,L Paul,29,allrounder,left-hand bat,slow left-arm orthodox,,,,,,,,,,,,,,
1150585,O Prendergast,29,allrounder,right-hand bat,"right-arm medium-fast,right-arm medium",,,,,,,,,,,,,,
792135,C Raack,29,,right-hand bat,legbreak,,,,,,,,,,,,,,
1094716,Rachel Delaney,29,allrounder,right-hand bat,right-arm offbreak,,,,,,,,,,,,,,
54945,EAJ Richardson,29,allrounder,right-hand bat,right-arm offbreak,,,,,,,,,,,,,,
1112535,NA Rock,29,wicketkeeper batter,left-hand bat,,3,2,7,3.5,30.43,0,0,,,,,3.5,,
1005257,Simi Singh,29,bowling allrounder,right-hand bat,"right-arm offbreak,legbreak googly",35,30,593,22.8,72.76,1,1,39,25.92,3.99,38.9,22.8,25.92,39
303427,PR Stirling,29,batting allrounder,right-hand bat,right-arm offbreak,142,138,5230,38.74,86.54,13,26,43,45.16,4.77,56.7,38.74,45.16,43
1094717,R Stokell,29,batter,right-hand bat,"right-arm fast-medium,right-arm medium",,,,,,,,,,,,,,
961407,HT Tector,29,middle-order batter,right-hand bat,right-arm offbreak,26,25,1071,53.55,80.7,3,8,2,53.5,6.68,48,53.55,53.5,2
928057,LJ Tucker,29,wicketkeeper batter,right-hand bat,,32,26,483,20.12,71.66,0,2,,,,,20.12,,
8917,MM Ali,1,batting allrounder,left-hand bat,right-arm offbreak,126,100,2154,25.34,100.09,3,6,96,50.31,5.31,56.8,25.34,50.31,96
8608,JM Anderson,1,bowler,left-hand bat,right-arm fast-medium,194,79,273,7.58,48.66,0,0,269,29.22,4.92,35.6,7.58,29.22,269
669855,JC Archer,1,bowler,right-hand bat,right-arm fast,19,10,27,5.4,71.05,0,0,37,22.72,4.91,27.7,5.4,22.72,37
297433,JM Bairstow,1,wicketkeeper batter,right-hand bat,right-arm medium,95,86,3634,46.58,104.12,11,15,,,,,46.58,,
297074,TT Beaumont,1,opening batter,right-hand bat,,,,,,,,,,,,,,,
878025,LK Bell,1,bowler,right-hand bat,right-arm fast-medium,,,,,,,,,,,,,,
297628,SW Billings,1,wicketkeeper batter,right-hand bat,,28,23,702,33.42,91.05,1,5,,,,,33.42,,
1022077,ME Bouchier,1,middle-order batter,right-hand bat,right-arm medium,,,,,,,,,,,,,,
10617,SCJ Broad,1,bowler,left-hand bat,right-arm fast-medium,121,68,529,12.3,74.61,0,0,178,30.13,5.26,34.3,12.3,30.13,178
911707,HC Brook,1,batter,right-hand bat,right-arm medium,3,3,86,28.66,98.85,0,1,,,,,28.66,,
53906,KH Brunt,1,bowling allrounder,right-hand bat,right-arm medium-fast,,,,,,,,,,,,,,
308967,JC Buttler,1,wicketkeeper batter,right-hand bat,,162,135,4536,41.61,118.09,11,23,,,,,41.61,,
1187120,A Capsey,1,batting allrounder,right-hand bat,right-arm offbreak,,,,,,,,,,,,,,
596417,BA Carse,1,bowler,right-hand bat,right-arm fast,,,,,,,,,,,,,,
665053,Z Crawley,1,top-order batter,right-hand bat,right-arm offbreak,3,3,97,48.5,114.11,0,1,,,,,48.5,,
297085,KL Cross,1,bowler,right-hand bat,right-arm medium-fast,,,,,,,,,,,,,,
662973,SM Curran,1,allrounder,left-hand bat,left-arm medium-fast,21,14,262,21.83,100,0,1,20,43.3,5.9,44,21.83,43.3,20
515876,AN Davidson-Richards,1,bowling allrounder,right-hand bat,right-arm fast-medium,,,,,,,,,,,,,,
652945,FR Davies,1,bowler,right-hand bat,right-arm fast-medium,,,,,,,,,,,,,,
211855,LA Dawson,1,allrounder,right-hand bat,slow left-arm orthodox,6,5,63,12.6,85.13,0,0,5,56.8,6.45,52.8,12.6,56.8,5
1039421,CE Dean,1,bowling allrounder,right-hand bat,right-arm offbreak,,,,,,,,,,,,,,
521637,BM Duckett,1,top-order batter,left-hand bat,right-arm offbreak,6,6,146,24.33,75.25,0,2,,,,,24.33,,
885815,SIR Dunkley,1,batting allrounder,right-hand bat,legbreak,,,,,,,,,,,,,,
878039,S Ecclestone,1,bowler,right-hand bat,slow left-arm orthodox,,,,,,,,,,,,,,
639080,MD Fisher,1,bowler,right-hand bat,right-arm fast-medium,,,,,,,,,,,,,,
364788,BT Foakes,1,wicketkeeper batter,right-hand bat,,1,1,61,,80.26,0,1,,,,,,,
473191,RJ Gleeson,1,bowler,right-hand bat,right-arm fast-medium,,,,,,,,,,,,,,
885837,S Glenn,1,bowling allrounder,right-hand bat,legbreak,,,,,,,,,,,,,,
249866,AD Hales,1,opening batter,right-hand bat,right-arm medium,70,67,2419,37.79,95.72,6,14,,,,,37.79,,
897549,WG Jacks,1,batter,right-hand bat,right-arm offbreak,,,,,,,,,,,,,,
515874,AE Jones,1,wicketkeeper batter,right-hand bat,,,,,,,,,,,,,,,
288992,CJ Jordan,1,bowler,right-hand bat,right-arm fast-medium,35,24,184,12.26,87.2,0,0,46,36.08,6,36,12.26,36.08,46
1195947,FG Kemp,1,bowler,left-hand bat,left-arm medium,,,,,,,,,,,,,,
358259,HC Knight,1,middle-order batter,right-hand bat,right-arm offbreak,,,,,,,,,,,,,,
749957,EL Lamb,1,batting allrounder,right-hand bat,right-arm offbreak,,,,,,,,,,,,,,
641423,DW Lawrence,1,middle-order batter,right-hand bat,right-arm offbreak,,,,,,,,,,,,,,
455524,MJ Leach,1,bowler,left-hand bat,slow left-arm orthodox,,,,,,,,,,,,,,
460756,AZ Lees,1,opening batter,left-hand bat,legbreak,,,,,,,,,,,,,,
403902,LS Livingstone,1,batting allrounder,right-hand bat,legbreak,12,10,250,31.25,122.54,0,1,6,24.16,5.8,25,31.25,24.16,6
643885,S Mahmood,1,bowler,right-hand bat,right-arm fast-medium,7,2,20,10,64.51,0,0,14,19.92,4.58,26,10,19.92,14
232438,GS Ballance,9,middle-order batter,left-hand bat,legbreak,18,17,372,23.25,69.14,0,3,,,,,23.25,,
495964,RP Burl,9,middle-order batter,left-hand bat,legbreak,37,32,617,22.85,76.26,0,4,18,31.66,6.05,31.3,22.85,31.66,18
293831,RW Chakabva,9,wicketkeeper batter,right-hand bat,right-arm offbreak,61,57,1188,22,67.84,1,4,,,,,22,,
425639,TL Chatara,9,bowler,right-hand bat,right-arm fast-medium,80,54,192,6.62,46.94,0,0,105,32.23,5.13,37.6,6.62,32.23,105
317146,C Chatonzwa,9,,right-hand bat,right-arm offbreak,,,,,,,,,,,,,,
55354,CJ Chibhabha,9,top-order batter,right-hand bat,right-arm medium,109,109,2474,23.12,63.22,0,16,35,46.6,5.82,47.9,23.12,46.6,35
1119417,F Chipare,9,,right-hand bat,right-arm medium,,,,,,,,,,,,,,
1059122,TL Chivanga,9,bowler,right-hand bat,right-arm fast,5,4,11,5.5,68.75,0,0,3,65.66,5.42,72.6,5.5,65.66,3
1094714,CT Dhururu,9,wicketkeeper,right-hand bat,,,,,,,,,,,,,,,
55412,CR Ervine,9,middle-order batter,left-hand bat,right-arm offbreak,107,103,2948,32.39,75.01,3,18,,,,,32.39,,
696127,B Evans,9,allrounder,right-hand bat,right-arm fast,11,9,101,14.42,84.87,0,0,11,39.18,6.38,36.8,14.42,39.18,11
922491,N Gwanzura,9,,right-hand bat,right-arm medium,,,,,,,,,,,,,,
541224,LM Jongwe,9,bowler,right-hand bat,right-arm fast-medium,37,31,352,13.03,80,0,0,38,33.73,5.67,35.6,13.03,33.73,38
465327,I Kaia,9,opening batter,right-hand bat,legbreak,14,14,384,29.53,65.19,1,2,0,,4.71,,29.53,,0
493765,T Kaitano,9,opening batter,right-hand bat,right-arm offbreak,8,8,126,15.75,67.74,0,0,,,,,15.75,,
1045883,C Madande,9,wicketkeeper batter,right-hand bat,,3,3,42,21,68.85,0,0,,,,,21,,
938959,W Madhevere,9,allrounder,right-hand bat,right-arm offbreak,26,25,487,19.48,73.45,0,4,9,57.22,5.08,67.5,19.48,57.22,9
1037845,T Makoni,9,opening batter,right-hand bat,right-arm medium,,,,,,,,,,,,,,
317139,P Marange,9,,left-hand bat,right-arm offbreak,,,,,,,,,,,,,,
946507,T Marumani,9,top-order batter,left-hand bat,right-arm offbreak,11,10,139,13.9,58.89,0,0,,,,,13.9,,
571703,WP Masakadza,9,bowler,left-hand bat,slow left-arm orthodox,26,15,68,5.66,44.73,0,0,25,39.32,5.03,46.8,5.66,39.32,25
722313,JK Masara,9,,right-hand bat,legbreak,,,,,,,,,,,,,,
1273947,M Mavunga,9,bowling allrounder,right-hand bat,right-arm medium-fast,,,,,,,,,,,,,,
806239,B Mavuta,9,allrounder,right-hand bat,legbreak,8,5,52,13,110.63,0,0,7,38,5.78,39.4,13,38,7
317144,SM Mayers,9,,right-hand bat,right-arm offbreak,,,,,,,,,,,,,,
538592,A Mazvishaya,9,,right-hand bat,right-arm medium,,,,,,,,,,,,,,
638263,E Mbofana,9,,right-hand bat,right-arm medium,,,,,,,,,,,,,,
317148,CS Mugeri-Tiripano,9,allrounder,left-hand bat,right-arm medium,,,,,,,,,,,,,,
272026,P Mujaji,9,,right-hand bat,right-arm medium-fast,,,,,,,,,,,,,,
1122853,T Munyonga,9,allrounder,right-hand bat,right-arm offbreak,6,6,92,18.4,68.65,0,0,0,,10,,18.4,,0
538591,M Mupachikwa,9,,right-hand bat,,,,,,,,,,,,,,,
596375,TK Musakanda,9,top-order batter,right-hand bat,"right-arm medium,right-arm slow-medium",16,16,308,20.53,79.58,0,1,0,,5.5,,20.53,,0
922493,AC Mushangwe,9,bowler,right-hand bat,legbreak,,,,,,,,,,,,,,
501348,M Musonda,9,,right-hand bat,right-arm offbreak,,,,,,,,,,,,,,
235516,R Mutumbami,9,wicketkeeper batter,right-hand bat,right-arm offbreak,36,34,618,19.31,72.96,0,3,,,,,19.31,,
827051,B Muzarabani,9,bowler,right-hand bat,right-arm fast-medium,33,27,64,3.36,35.75,0,0,46,29.91,5.14,34.8,3.36,29.91,46
946517,D Myers,9,top-order batter,right-hand bat,right-arm medium,5,5,96,19.2,61.14,0,0,1,13,6.5,12,19.2,13,1
1250707,KT Ndhlovu,9,allrounder,left-hand bat,"slow left-arm orthodox,slow left-arm orthodox",,,,,,,,,,,,,,
596456,A Ndlovu,9,bowler,right-hand bat,slow left-arm orthodox,2,,,,,,,1,80,4.7,102,,80,1
806241,R Ngarava,9,bowler,left-hand bat,left-arm fast-medium,30,19,108,10.8,71.52,0,0,30,42.36,5.61,45.2,10.8,42.36,30
670013,FA Allen,4,bowling allrounder,right-hand bat,slow left-arm orthodox,20,16,200,15.38,98.52,0,1,7,89.57,5.64,95.1,15.38,89.57,7
661441,AA Alleyne,4,bowler,right-hand bat,right-arm medium,,,,,,,,,,,,,,
431909,J Blackwood,4,middle-order batter,right-hand bat,right-arm offbreak,3,3,23,11.5,56.09,0,0,0,,5.33,,11.5,,0
314650,NE Bonner,4,middle-order batter,right-hand bat,legbreak,6,6,85,17,62.96,0,0,1,55,5.07,65,17,55,1
348024,KC Brathwaite,4,opening batter,right-hand bat,right-arm offbreak,10,10,278,27.8,57.55,0,1,1,140,5.52,152,27.8,140,1
230555,SSJ Brooks,4,top-order batter,right-hand bat,legbreak,21,21,694,34.7,76.34,1,4,,,,,34.7,,
663639,SJ Bruce,4,,left-hand bat,right-arm medium,,,,,,,,,,,,,,
348026,JD Campbell,4,opening batter,left-hand bat,right-arm offbreak,6,5,248,49.6,115.88,1,0,0,,13,,49.6,,0
424631,SA Campbelle,4,middle-order batter,right-hand bat,right-arm medium-fast,,,,,,,,,,,,,,
431902,Y Cariah,4,bowler,left-hand bat,legbreak,3,2,53,53,62.35,0,1,3,50.66,6.08,50,53,50.66,3
820677,KU Carty,4,batter,right-hand bat,right-arm medium,,,,,,,,,,,,,,
601968,T Chanderpaul,4,opening batter,left-hand bat,legbreak,,,,,,,,,,,,,,
333066,J Charles,4,wicketkeeper batter,right-hand bat,,48,48,1283,26.72,83.8,2,4,0,,14.4,,26.72,,0
391832,RL Chase,4,allrounder,right-hand bat,right-arm offbreak,33,26,553,24.04,73.34,0,2,19,42.73,4.8,53.3,24.04,42.73,19
474191,SS Connell,4,bowler,right-hand bat,right-arm fast,,,,,,,,,,,,,,
424629,B Cooper,4,middle-order batter,right-hand bat,right-arm fast-medium,,,,,,,,,,,,,,
495551,SS Cottrell,4,bowler,right-hand bat,left-arm fast-medium,38,19,88,11,67.69,0,0,52,32.4,5.87,33.1,11,32.4,52
1168667,J Da Silva,4,wicketkeeper batter,right-hand bat,,2,2,14,7,40,0,0,,,,,7,,
355349,DJS Dottin,4,allrounder,right-hand bat,right-arm fast-medium,,,,,,,,,,,,,,
906749,DC Drakes,4,bowling allrounder,left-hand bat,left-arm medium-fast,,,,,,,,,,,,,,
474196,KO Elliott,4,,right-hand bat,legbreak,,,,,,,,,,,,,,
355351,ASS Fletcher,4,bowler,right-hand bat,legbreak,,,,,,,,,,,,,,
1214080,CS Fraser,4,allrounder,left-hand bat,right-arm medium-fast,,,,,,,,,,,,,,
1199630,S Gajnabi,4,bowler,right-hand bat,right-arm medium,,,,,,,,,,,,,,
1268602,J Glasgow,4,bowler,left-hand bat,right-arm fast-medium,,,,,,,,,,,,,,
909779,SS Grimmond,4,bowler,right-hand bat,right-arm offbreak,,,,,,,,,,,,,,
474190,CA Henry,4,middle-order batter,right-hand bat,right-arm medium-fast,,,,,,,,,,,,,,
670025,SO Hetmyer,4,top-order batter,left-hand bat,,47,44,1447,35.29,106.39,5,4,,,,,35.29,,
391485,JO Holder,4,bowling allrounder,right-hand bat,right-arm medium-fast,131,107,2042,24.3,90.51,0,11,153,36.3,5.51,39.4,24.3,36.3,153
1325396,T Holder,4,allrounder,right-hand bat,right-arm medium,,,,,,,,,,,,,,
581379,SD Hope,4,wicketkeeper batter,right-hand bat,,104,99,4308,48.95,74.68,13,21,,,,,48.95,,
530812,AJ Hosein,4,bowler,left-hand bat,slow left-arm orthodox,29,22,234,13.76,76.97,0,1,44,28.31,4.73,35.9,13.76,28.31,44
670031,AS Joseph,4,bowler,right-hand bat,right-arm fast,54,31,332,18.44,71.55,0,0,87,27.67,5.21,31.8,18.44,27.67,87
1349230,D Joseph,4,batting allrounder,right-hand bat,right-arm medium,,,,,,,,,,,,,,
670035,BA King,4,top-order batter,right-hand bat,,20,20,431,23.94,75.88,0,3,,,,,23.94,,
472977,Kyshona A Knight,4,middle-order batter,left-hand bat,right-arm medium,,,,,,,,,,,,,,
472975,Kycia A Knight,4,wicketkeeper batter,left-hand bat,,,,,,,,,,,,,,,
431901,E Lewis,4,opening batter,left-hand bat,,57,54,1847,36.94,82.97,4,10,,,,,36.94,,
1086206,SH Lewis,4,bowler,right-hand bat,right-arm fast,1,,,,,,,3,22.33,6.81,19.6,,22.33,3
474308,HK Matthews,4,opening batter,right-hand bat,right-arm offbreak,,,,,,,,,,,,,,
56143,Shakib Al Hasan,25,allrounder,left-hand bat,slow left-arm orthodox,224,212,6835,37.55,82.15,9,50,294,29.06,4.44,39.2,37.55,29.06,294
535870,Shamima Sultana,25,wicketkeeper batter,right-hand bat,,,,,,,,,,,,,,,
535868,Sharmin Akhter,25,opening batter,right-hand bat,,,,,,,,,,,,,,,
535866,Shohely Akhter,25,,right-hand bat,right-arm offbreak,,,,,,,,,,,,,,
990039,Shoriful Islam,25,bowler,left-hand bat,left-arm medium-fast,14,6,18,3.6,69.23,0,0,19,29.68,5.6,31.7,3.6,29.68,19
1352206,Shorna Akter,25,allrounder,right-hand bat,legbreak,,,,,,,,,,,,,,
436677,Soumya Sarkar,25,middle-order batter,left-hand bat,right-arm medium-fast,61,58,1768,32.14,97.35,2,11,11,35.36,5.83,36.3,32.14,35.36,11
401057,Taijul Islam,25,bowler,left-hand bat,slow left-arm orthodox,12,7,74,12.33,77.89,0,0,20,22.35,3.92,34.2,12.33,22.35,20
56194,Tamim Iqbal,25,opening batter,left-hand bat,,231,229,8074,37.03,78.65,14,55,0,,13,,37.03,,0
538506,Taskin Ahmed,25,bowler,left-hand bat,right-arm fast,52,25,95,5.93,47.73,0,0,69,33.01,5.64,35.1,5.93,33.01,69
629059,Yasir Ali,25,middle-order batter,right-hand bat,right-arm offbreak,7,5,78,15.6,80.41,0,1,0,,2,,15.6,,0
697059,Zakir Hasan,25,wicketkeeper batter,left-hand bat,,,,,,,,,,,,,,,
398666,SA Abbott,2,allrounder,right-hand bat,right-arm fast-medium,8,6,105,17.5,109.37,0,0,9,34.55,5.45,38,17.5,34.55,9
505120,AC Agar,2,bowler,left-hand bat,slow left-arm orthodox,20,16,257,21.41,86.24,0,0,18,48.72,5.34,54.6,21.41,48.72,18
272477,JP Behrendorff,2,bowler,right-hand bat,left-arm fast-medium,12,6,21,7,91.3,0,0,16,35.5,5.28,40.3,7,35.5,16
446548,SM Boland,2,bowler,right-hand bat,right-arm fast-medium,14,4,9,3,40.9,0,0,16,45.31,6.07,44.7,3,45.31,16
388845,D Brown,2,bowler,right-hand bat,right-arm fast,,,,,,,,,,,,,,
326434,AT Carey,2,wicketkeeper batter,left-hand bat,,62,57,1629,35.41,88.05,1,7,,,,,35.41,,
381217,NJ Carey,2,bowler,left-hand bat,right-arm medium,,,,,,,,,,,,,,
489889,PJ Cummins,2,bowler,right-hand bat,right-arm fast,75,47,324,10.12,73.97,0,0,124,27.61,5.21,31.7,10.12,27.61,124
892749,TH David,2,middle-order batter,right-hand bat,right-arm offbreak,,,,,,,,,,,,,,
679567,BJ Dwarshuis,2,bowler,left-hand bat,left-arm fast-medium,,,,,,,,,,,,,,
826915,NT Ellis,2,bowler,right-hand bat,right-arm fast-medium,3,3,6,6,85.71,0,0,3,46.66,6.08,46,6,46.66,3
5334,AJ Finch,2,top-order batter,right-hand bat,slow left-arm orthodox,146,142,5406,38.89,87.73,17,30,4,64.75,5.47,71,38.89,64.75,4
858809,A Gardner,2,allrounder,right-hand bat,right-arm offbreak,,,,,,,,,,,,,,
418423,KJ Garth,2,allrounder,right-hand bat,right-arm medium-fast,,,,,,,,,,,,,,
546629,H Graham,2,allrounder,right-hand bat,right-arm medium-fast,,,,,,,,,,,,,,
1076713,C Green,2,batting allrounder,right-hand bat,right-arm fast-medium,13,11,290,58,90.34,0,1,11,29.27,5.03,34.9,58,29.27,11
334337,PSP Handscomb,2,batter,right-hand bat,,22,20,632,33.26,97.38,1,4,,,,,33.26,,
381268,GM Harris,2,allrounder,right-hand bat,right-arm offbreak,,,,,,,,,,,,,,
268889,RL Haynes,2,batter,left-hand bat,left-arm medium,,,,,,,,,,,,,,
288284,JR Hazlewood,2,bowler,left-hand bat,right-arm fast-medium,69,23,81,20.25,77.88,0,0,108,25.61,4.57,33.5,20.25,25.61,108
530011,TM Head,2,middle-order batter,left-hand bat,right-arm offbreak,51,48,1823,40.51,95.74,3,13,14,58.42,5.82,60.2,40.51,58.42,14
275486,AJ Healy,2,wicketkeeper batter,right-hand bat,,,,,,,,,,,,,,,
662235,JP Inglis,2,wicketkeeper batter,right-hand bat,,2,2,15,7.5,57.69,0,0,,,,,7.5,,
374936,JL Jonassen,2,bowler,left-hand bat,slow left-arm orthodox,,,,,,,,,,,,,,
215155,UT Khawaja,2,top-order batter,left-hand bat,right-arm medium,40,39,1554,42,84.09,2,12,,,,,42,,
944393,AM King,2,allrounder,right-hand bat,legbreak,,,,,,,,,,,,,,
774219,MP Kuhnemann,2,bowler,left-hand bat,slow left-arm orthodox,,,,,,,,,,,,,,
787987,M Labuschagne,2,batting allrounder,right-hand bat,legbreak,27,26,804,32.16,84.54,1,6,2,98.5,6.38,92.5,32.16,98.5,2
329336,MM Lanning,2,top-order batter,right-hand bat,right-arm medium,,,,,,,,,,,,,,
1176132,P Litchfield,2,batter,left-hand bat,legbreak,,,,,,,,,,,,,,
272279,NM Lyon,2,bowler,right-hand bat,right-arm offbreak,29,14,77,19.25,92.77,0,0,29,46,4.92,56,19.25,46,29
272450,MR Marsh,2,allrounder,right-hand bat,right-arm medium,69,65,1814,32.39,89.58,1,13,54,35.42,5.43,39,32.39,35.42,54
325026,GJ Maxwell,2,batting allrounder,right-hand bat,right-arm offbreak,127,116,3482,34.13,124.98,2,23,60,50.11,5.57,53.9,34.13,50.11,60
603410,BR McDermott,2,wicketkeeper batter,right-hand bat,right-arm medium,5,5,223,44.6,80.21,1,1,,,,,44.6,,
381311,TM McGrath,2,allrounder,right-hand bat,right-arm medium,,,,,,,,,,,,,,
381258,BL Mooney,2,wicketkeeper batter,left-hand bat,,,,,,,,,,,,,,,
1193685,T Murphy,2,bowler,left-hand bat,right-arm offbreak,,,,,,,,,,,,,,
376169,MG Neser,2,bowling allrounder,right-hand bat,right-arm medium-fast,2,2,8,4,50,0,0,2,60,7.2,50,4,60,2
275487,EA Perry,2,allrounder,right-hand bat,right-arm fast-medium,,,,,,,,,,,,,,
722303,MT Renshaw,2,batter,left-hand bat,right-arm offbreak,,,,,,,,,,,,,,
793441,Aamer Jamal,7,allrounder,right-hand bat,right-arm medium,,,,,,,,,,,,,,
922941,Abdullah Shafique,7,top-order batter,right-hand bat,right-arm offbreak,1,1,2,2,40,0,0,,,,,2,,
734459,Abrar Ahmed,7,bowler,right-hand bat,legbreak googly,,,,,,,,,,,,,,
623977,Agha Salman,7,allrounder,right-hand bat,right-arm offbreak,6,6,184,61.33,109.52,0,1,2,59,4.91,72,61.33,59,2
941805,Aiman Anwer,7,bowler,right-hand bat,right-arm medium-fast,,,,,,,,,,,,,,
572645,Aliya Riaz,7,allrounder,right-hand bat,right-arm medium,,,,,,,,,,,,,,
725879,Anam Amin,7,bowler,left-hand bat,slow left-arm orthodox,,,,,,,,,,,,,,
494230,Asif Ali,7,middle-order batter,right-hand bat,right-arm offbreak,21,16,382,25.46,121.65,0,3,0,,10.8,,25.46,,0
1214078,Ayesha Naseem,7,top-order batter,right-hand bat,right-arm medium-fast,,,,,,,,,,,,,,
39037,Azhar Ali,7,top-order batter,right-hand bat,legbreak,53,53,1845,36.9,74.45,3,12,4,65,6.04,64.5,36.9,65,4
348144,Babar Azam,7,batter,right-hand bat,right-arm offbreak,95,93,4813,59.41,89.03,17,24,,,,,59.41,,
260229,Bismah Maroof,7,allrounder,left-hand bat,legbreak,,,,,,,,,,,,,,
572638,Diana Baig,7,bowler,right-hand bat,right-arm medium,,,,,,,,,,,,,,
681117,Faheem Ashraf,7,bowling allrounder,left-hand bat,right-arm medium,31,22,218,11.47,83.84,0,0,23,46.08,5.11,54,11.47,46.08,23
512191,Fakhar Zaman,7,opening batter,left-hand bat,slow left-arm orthodox,65,65,2785,45.65,92.52,8,15,1,111,4.93,135,45.65,111,1
1144886,Fatima Sana,7,bowling allrounder,right-hand bat,right-arm medium,,,,,,,,,,,,,,
40250,Fawad Alam,7,top-order batter,left-hand bat,slow left-arm orthodox,38,36,966,40.25,74.47,1,6,5,75.4,5.68,79.6,40.25,75.4,5
1080011,Ghulam Fatima,7,bowler,right-hand bat,legbreak,,,,,,,,,,,,,,
1144870,Gull Feroza,7,wicketkeeper batter,right-hand bat,,,,,,,,,,,,,,,
1168651,Haider Ali,7,middle-order batter,right-hand bat,,2,2,42,21,127.27,0,0,,,,,21,,
1161606,Haris Rauf,7,bowler,right-hand bat,right-arm fast,18,7,10,3.33,30.3,0,0,30,29.26,5.77,30.4,3.33,29.26,30
318788,Haris Sohail,7,middle-order batter,left-hand bat,slow left-arm orthodox,45,44,1749,44.84,85.48,2,14,11,55.72,5.72,58.3,44.84,55.72,11
681305,Hasan Ali,7,bowler,right-hand bat,right-arm medium-fast,60,35,363,15.12,121.4,0,2,91,30.36,5.75,31.6,15.12,30.36,91
480603,Iftikhar Ahmed,7,middle-order batter,right-hand bat,right-arm offbreak,10,9,124,24.8,83.78,0,0,8,39.12,5.21,45,24.8,39.12,8
568276,Imam-ul-Haq,7,top-order batter,left-hand bat,,56,56,2545,50.9,82.68,9,14,,,,,50.9,,
572633,Iram Javed,7,middle-order batter,right-hand bat,right-arm medium-fast,,,,,,,,,,,,,,
346680,Javeria Khan,7,top-order batter,right-hand bat,right-arm offbreak,,,,,,,,,,,,,,
361856,Kainat Imtiaz,7,bowler,right-hand bat,right-arm medium-fast,,,,,,,,,,,,,,
623636,Kamran Ghulam,7,allrounder,right-hand bat,slow left-arm orthodox,,,,,,,,,,,,,,
716733,Khushdil Shah,7,middle-order batter,left-hand bat,slow left-arm orthodox,10,8,199,33.16,94.76,0,0,2,61,6.77,54,33.16,61,2
556684,Mir Hamza,7,bowler,left-hand bat,left-arm medium,,,,,,,,,,,,,,
1158175,Mohammad Ali,7,bowler,right-hand bat,right-arm medium-fast,,,,,,,,,,,,,,
1205559,Mohammad Haris,7,middle-order batter,right-hand bat,right-arm offbreak,4,3,10,3.33,55.55,0,0,,,,,3.33,,
1158100,Mohammad Hasnain,7,bowler,right-hand bat,right-arm fast,9,5,47,23.5,167.85,0,0,12,41.41,6.44,38.5,23.5,41.41,12
348148,Mohammad Nawaz (3),7,allrounder,left-hand bat,slow left-arm orthodox,25,20,264,16.5,86.55,0,1,37,27.67,4.84,34.2,16.5,27.67,37
323389,Mohammad Rizwan,7,wicketkeeper batter,right-hand bat,,52,47,1247,32.81,86.35,2,8,,,,,32.81,,
1185538,Mohammad Wasim (1),7,allrounder,right-hand bat,right-arm fast-medium,11,6,51,10.2,92.72,0,0,18,25.94,5.38,28.8,10.2,25.94,18
941795,Muneeba Ali,7,wicketkeeper batter,left-hand bat,,,,,,,,,,,,,,,
361854,Nahida Khan,7,opening batter,right-hand bat,right-arm medium,,,,,,,,,,,,,,
1158088,Naseem Shah,7,bowler,right-hand bat,right-arm fast,5,2,3,3,27.27,0,0,18,12.55,5.04,14.9,3,12.55,18
398438,MA Agarwal,6,batter,right-hand bat,right-arm offbreak,5,5,86,17.2,103.61,0,0,0,,10,,17.2,,0
960673,K Anjali Sarvani,6,bowler,left-hand bat,left-arm medium,,,,,,,,,,,,,,
1125976,Arshdeep Singh,6,bowler,left-hand bat,left-arm medium-fast,3,1,9,9,100,0,0,0,,6.75,,9,,0
26421,R Ashwin,6,bowling allrounder,right-hand bat,right-arm offbreak,113,63,707,16.44,86.96,0,1,151,33.49,4.94,40.6,16.44,33.49,151
694211,Avesh Khan,6,bowler,right-hand bat,right-arm fast-medium,5,2,13,6.5,72.22,0,0,3,71.33,6.02,71,6.5,71.33,3
1204925,SD Bahadur,6,bowling allrounder,left-hand bat,right-arm medium,,,,,,,,,,,,,,
529436,KS Bharat,6,wicketkeeper batter,right-hand bat,,,,,,,,,,,,,,,
883423,T Bhatia,6,wicketkeeper batter,right-hand bat,,,,,,,,,,,,,,,
960715,YH Bhatia,6,middle-order batter,left-hand bat,slow left-arm orthodox,,,,,,,,,,,,,,
442048,E Bisht,6,bowler,left-hand bat,slow left-arm orthodox,,,,,,,,,,,,,,
625383,JJ Bumrah,6,bowler,right-hand bat,right-arm fast,72,20,47,6.71,50.53,0,0,121,24.3,4.63,31.4,6.71,24.3,121
430246,YS Chahal,6,bowler,right-hand bat,legbreak googly,72,14,77,8.55,54.6,0,0,121,27.13,5.26,30.9,8.55,27.13,121
447261,DL Chahar,6,bowler,right-hand bat,right-arm medium,13,9,203,33.83,98.06,0,2,16,30.56,5.75,31.8,33.83,30.56,16
960845,H Deol,6,middle-order batter,right-hand bat,"right-arm offbreak,legbreak googly",,,,,,,,,,,,,,
28235,S Dhawan,6,opening batter,left-hand bat,right-arm offbreak,167,164,6793,44.11,91.35,17,39,,,,,44.11,,
1060380,RD Gaikwad,6,batter,right-hand bat,right-arm offbreak,1,1,19,19,45.23,0,0,,,,,19,,
709635,RS Gayakwad,6,bowler,right-hand bat,slow left-arm orthodox,,,,,,,,,,,,,,
1212830,RM Ghosh,6,wicketkeeper batter,right-hand bat,right-arm medium,,,,,,,,,,,,,,
53932,J Goswami,6,bowler,right-hand bat,right-arm fast-medium,,,,,,,,,,,,,,
961107,D Hemalatha,6,top-order batter,right-hand bat,right-arm offbreak,,,,,,,,,,,,,,
497121,DJ Hooda,6,allrounder,right-hand bat,right-arm offbreak,10,7,153,25.5,80.95,0,0,3,39.66,4.76,50,25.5,39.66,3
720471,Ishan Kishan,6,wicketkeeper batter,left-hand bat,,13,12,507,46.09,107.18,1,3,,,,,46.09,,
642519,SS Iyer,6,top-order batter,right-hand bat,"right-arm offbreak,legbreak googly",42,38,1631,46.6,96.5,2,14,0,,6.32,,46.6,,0
851403,VR Iyer,6,allrounder,left-hand bat,right-arm medium,2,2,24,12,60,0,0,0,,5.6,,12,,0
234675,RA Jadeja,6,allrounder,left-hand bat,slow left-arm orthodox,171,115,2447,32.62,86.52,0,13,189,37.36,4.92,45.5,32.62,37.36,189
30045,KD Karthik,6,wicketkeeper batter,right-hand bat,right-arm offbreak,94,79,1752,30.2,73.24,0,9,,,,,30.2,,
372317,H Kaur,6,allrounder,right-hand bat,right-arm offbreak,,,,,,,,,,,,,,
1255411,AB Kaur,6,,right-hand bat,,,,,,,,,,,,,,,
253802,V Kohli,6,top-order batter,right-hand bat,right-arm medium,271,262,12809,57.69,93.77,46,64,4,166.25,6.22,160.2,57.69,166.25,4
559235,Kuldeep Yadav,6,bowler,left-hand bat,left-arm wrist-spin,78,28,146,12.16,66.06,0,0,130,27.43,5.19,31.6,12.16,27.43,130
326016,B Kumar,6,bowler,right-hand bat,right-arm medium,121,55,552,14.15,73.89,0,1,141,35.11,5.08,41.4,14.15,35.11,141
597806,S Mandhana,6,opening batter,left-hand bat,right-arm offbreak,,,,,,,,,,,,,,
556529,S Meghana,6,opening batter,right-hand bat,right-arm medium,,,,,,,,,,,,,,
709839,Meghna Singh,6,bowler,right-hand bat,right-arm medium,,,,,,,,,,,,,,
481896,Mohammed Shami,6,bowler,right-hand bat,right-arm fast,87,41,190,8.63,83.33,0,0,159,25.95,5.6,27.7,8.63,25.95,159
940973,Mohammed Siraj,6,bowler,right-hand bat,right-arm fast,21,8,27,6.75,48.21,0,0,38,20.73,4.61,26.9,6.75,20.73,38
1289983,KP Navgire,6,middle-order batter,right-hand bat,,,,,,,,,,,,,,,
442145,S Pandey,6,allrounder,right-hand bat,right-arm medium,,,,,,,,,,,,,,
625371,HH Pandya,6,allrounder,right-hand bat,right-arm medium-fast,71,52,1518,33.73,113.28,0,9,68,38.52,5.59,41.3,33.73,38.52,68
931581,RR Pant,6,wicketkeeper batter,left-hand bat,,30,26,865,34.6,106.65,1,5,,,,,34.6,,
236489,DJ Malan,1,top-order batter,left-hand bat,legbreak,15,15,644,53.66,97.57,3,3,1,17,6.8,15,53.66,17,1
459257,TS Mills,1,bowler,right-hand bat,left-arm fast,,,,,,,,,,,,,,
24598,EJG Morgan,1,middle-order batter,left-hand bat,right-arm medium,248,230,7701,39.29,91.16,14,47,,,,,39.29,,
464626,C Overton,1,bowling allrounder,right-hand bat,right-arm medium-fast,7,5,68,22.66,89.47,0,0,5,58.2,5.66,61.6,22.66,58.2,5
510530,J Overton,1,bowling allrounder,right-hand bat,right-arm fast,,,,,,,,,,,,,,
653695,MW Parkinson,1,bowler,right-hand bat,legbreak,5,1,7,,87.5,0,0,5,40.6,5.85,41.6,,40.6,5
362710,DA Payne,1,bowler,right-hand bat,left-arm fast-medium,,,,,,,,,,,,,,
887207,OJ Pope,1,middle-order batter,right-hand bat,,,,,,,,,,,,,,,
1027781,MJ Potts,1,bowler,right-hand bat,right-arm fast-medium,1,1,3,,75,0,0,0,,8.25,,,,0
244497,AU Rashid,1,bowler,right-hand bat,legbreak,122,56,703,18.5,100.42,0,1,175,33.03,5.66,34.9,18.5,33.03,175
1263691,Rehan Ahmed,1,bowling allrounder,right-hand bat,legbreak googly,,,,,,,,,,,,,,
527776,OE Robinson,1,bowler,right-hand bat,right-arm medium-fast,,,,,,,,,,,,,,
303669,JE Root,1,top-order batter,right-hand bat,"right-arm offbreak,legbreak",158,147,6207,50.05,86.93,16,36,26,57.5,5.77,59.7,50.05,57.5,26
298438,JJ Roy,1,opening batter,right-hand bat,,113,107,4116,39.57,105.97,11,21,,,,,39.57,,
669365,PD Salt,1,wicketkeeper batter,right-hand bat,right-arm offbreak,11,9,406,45.11,132.24,1,2,,,,,45.11,,
515905,NR Sciver,1,allrounder,right-hand bat,right-arm medium,,,,,,,,,,,,,,
254238,A Shrubsole,1,bowler,right-hand bat,right-arm medium,,,,,,,,,,,,,,
874277,BF Smith,1,allrounder,right-hand bat,right-arm offbreak,,,,,,,,,,,,,,
311158,BA Stokes,1,allrounder,left-hand bat,right-arm fast-medium,105,90,2924,38.98,95.08,3,21,74,42.39,6.05,42,38.98,42.39,74
457279,OP Stone,1,bowler,right-hand bat,right-arm fast,8,4,14,7,82.35,0,0,8,39.62,5.98,39.7,7,39.62,8
461632,RJW Topley,1,bowler,right-hand bat,left-arm fast-medium,22,10,18,6,30,0,0,33,27.03,5.29,30.6,6,27.03,33
296597,JM Vince,1,batter,right-hand bat,right-arm medium,22,19,567,29.84,89.43,1,3,1,38,5.42,42,29.84,38,1
308251,DJ Willey,1,bowling allrounder,left-hand bat,left-arm fast-medium,64,37,538,24.45,89.36,0,2,84,31.21,5.58,33.5,24.45,31.21,84
517572,L Winfield-Hill,1,batter,right-hand bat,,,,,,,,,,,,,,,
247235,CR Woakes,1,allrounder,right-hand bat,right-arm fast-medium,110,76,1345,24.9,90.51,0,5,158,30.26,5.49,33,24.9,30.26,158
1146066,IECM Wong,1,bowler,right-hand bat,right-arm fast-medium,,,,,,,,,,,,,,
573170,L Wood,1,bowling allrounder,left-hand bat,left-arm fast-medium,1,1,10,10,100,0,0,0,,5.9,,10,,0
351588,MA Wood,1,bowler,right-hand bat,right-arm fast,57,19,72,9,79.12,0,0,69,38.28,5.46,42,9,38.28,69
254168,DN Wyatt,1,top-order batter,right-hand bat,right-arm offbreak,,,,,,,,,,,,,,
784367,KIC Asalanka,8,batting allrounder,left-hand bat,right-arm offbreak,22,21,791,41.63,89.68,1,6,1,82,5.85,84,41.63,82,1
318853,AMCJK Athapaththu,8,batting allrounder,left-hand bat,right-arm offbreak,,,,,,,,,,,,,,
958691,KNA Bandara,8,middle-order batter,right-hand bat,legbreak,6,5,141,35.25,64.97,0,2,0,,8,,35.25,,0
552152,PVD Chameera,8,bowler,right-hand bat,right-arm fast,42,29,224,12.44,63.63,0,0,44,35.84,5.41,39.7,12.44,35.84,44
300628,LD Chandimal,8,wicketkeeper batter,right-hand bat,right-arm offbreak,157,142,3854,31.85,74.24,4,24,,,,,31.85,,
465793,DM de Silva,8,allrounder,right-hand bat,right-arm offbreak,65,61,1393,26.28,78.34,0,8,37,38.13,5.06,45.1,26.28,38.13,37
557764,NND de Silva,8,middle-order batter,right-hand bat,right-arm slow-medium,,,,,,,,,,,,,,
784379,PWH de Silva,8,allrounder,right-hand bat,legbreak,37,34,710,24.48,106.92,0,4,39,38.61,5.06,45.7,24.48,38.61,39
429754,N Dickwella,8,wicketkeeper batter,left-hand bat,,55,52,1604,31.45,93.41,2,9,,,,,31.45,,
923703,WK Dilhari,8,batting allrounder,right-hand bat,right-arm offbreak,,,,,,,,,,,,,,
848109,L Embuldeniya,8,bowler,left-hand bat,slow left-arm orthodox,,,,,,,,,,,,,,
786925,AM Fernando,8,bowler,right-hand bat,right-arm medium-fast,5,2,1,1,16.66,0,0,1,202,6.73,180,1,202,1
629080,B Fernando,8,bowler,right-hand bat,left-arm medium-fast,4,3,26,8.66,72.22,0,0,2,68,5.36,76,8.66,68,2
366725,BOP Fernando,8,top-order batter,right-hand bat,legbreak,8,8,148,18.5,64.34,0,0,0,,8,,18.5,,0
1074333,MNK Fernando,8,batter,right-hand bat,right-arm offbreak,,,,,,,,,,,,,,
465783,MVT Fernando,8,bowler,right-hand bat,left-arm medium-fast,8,8,30,15,49.18,0,0,5,67.4,6.8,59.4,15,67.4,5
784369,WIA Fernando,8,opening batter,right-hand bat,right-arm medium-fast,29,29,990,34.13,91.92,3,5,,,,,34.13,,
1290105,RMVD Gunaratne,8,batter,right-hand bat,right-arm medium-fast,,,,,,,,,,,,,,
345821,MD Gunathilaka,8,allrounder,left-hand bat,right-arm offbreak,47,46,1601,35.57,86.82,2,11,8,46.37,5.53,50.2,35.57,46.37,8
422871,NGRP Jayasuriya,8,bowler,right-hand bat,slow left-arm orthodox,2,2,11,11,84.61,0,0,0,,5.93,,11,,0
1028665,P Jayawickrama,8,bowler,right-hand bat,slow left-arm orthodox,5,3,7,7,58.33,0,0,5,35.4,5.36,39.6,7,35.4,5
340004,KADA Kanchana,8,bowling allrounder,right-hand bat,right-arm fast-medium,,,,,,,,,,,,,,
623695,C Karunaratne,8,bowling allrounder,right-hand bat,right-arm medium-fast,21,20,408,29.14,84.82,0,1,20,31.15,5.82,32.1,29.14,31.15,20
227772,FDM Karunaratne,8,opening batter,left-hand bat,right-arm medium,34,30,767,27.39,74.46,0,6,0,,6.75,,27.39,,0
631722,H Karunaratne,8,,right-hand bat,right-arm medium,,,,,,,,,,,,,,
557731,WGAKK Kulasuriya,8,bowler,left-hand bat,right-arm fast-medium,,,,,,,,,,,,,,
784375,CBRLS Kumara,8,bowler,left-hand bat,right-arm fast,17,9,26,5.2,38.8,0,0,20,43.9,7.06,37.3,5.2,43.9,20
631609,BMSM Kumari,8,bowler,left-hand bat,slow left-arm orthodox,,,,,,,,,,,,,,
49619,RAS Lakmal,8,bowler,right-hand bat,right-arm fast-medium,86,48,244,9.38,60.39,0,0,109,32.42,5.46,35.6,9.38,32.42,109
792519,D Lakshan,8,batting allrounder,left-hand bat,right-arm medium-fast,,,,,,,,,,,,,,
681681,J Liyanage,8,batting allrounder,right-hand bat,right-arm fast-medium,,,,,,,,,,,,,,
557839,H Madavi,8,top-order batter,left-hand bat,right-arm slow-medium,,,,,,,,,,,,,,
793007,D Madushanka,8,bowler,right-hand bat,left-arm medium-fast,1,,,,,,,1,43,7.16,36,,43,1
49764,AD Mathews,8,allrounder,right-hand bat,right-arm medium,218,188,5835,41.67,83.3,3,40,120,33.35,4.62,43.2,41.67,33.35,120
629074,BKG Mendis,8,wicketkeeper batter,right-hand bat,legbreak,93,91,2654,31.22,84.79,2,20,0,,8.4,,31.22,,0
784373,PHKD Mendis,8,allrounder,left-hand bat,"right-arm offbreak,slow left-arm orthodox",7,7,127,21.16,59.34,0,1,2,75.5,6.04,75,21.16,75.5,2
629084,RTM Mendis,8,allrounder,right-hand bat,right-arm offbreak,4,4,50,25,100,0,0,4,18.5,6.16,18,25,18.5,4
1075863,K Mishara,8,opening batter,left-hand bat,right-arm offbreak,,,,,,,,,,,,,,
924289,S Nisansala,8,,left-hand bat,slow left-arm orthodox,,,,,,,,,,,,,,
1028655,P Nissanka,8,top-order batter,right-hand bat,,21,21,649,32.45,80.82,1,5,,,,,32.45,,
372116,T Bavuma,3,middle-order batter,right-hand bat,right-arm medium,23,22,910,45.5,86.99,3,2,0,,3.56,,45.5,,0
482506,A Bosch,3,batting allrounder,right-hand bat,right-arm medium,,,,,,,,,,,,,,
600731,T Brits,3,opening batter,right-hand bat,,,,,,,,,,,,,,,
276681,T Chetty,3,wicketkeeper batter,right-hand bat,,,,,,,,,,,,,,,
486672,TB de Bruyn,3,middle-order batter,right-hand bat,right-arm medium-fast,,,,,,,,,,,,,,
939249,N de Klerk,3,allrounder,right-hand bat,right-arm medium,,,,,,,,,,,,,,
379143,Q de Kock,3,wicketkeeper batter,left-hand bat,,137,137,5901,45.39,96.06,17,29,,,,,45.39,,
1163087,A Dercksen,3,allrounder,right-hand bat,right-arm medium,,,,,,,,,,,,,,
54646,M du Preez,3,top-order batter,right-hand bat,,,,,,,,,,,,,,,
230852,D Elgar,3,opening batter,left-hand bat,slow left-arm orthodox,8,7,104,17.33,58.75,0,0,2,33.5,4.18,48,17.33,33.5,2
324260,SJ Erwee,3,opening batter,left-hand bat,right-arm offbreak,,,,,,,,,,,,,,
553249,BC Fortuin,3,bowler,right-hand bat,slow left-arm orthodox,3,2,1,1,16.66,0,0,2,36,5.53,39,1,36,2
593936,L Goodall,3,middle-order batter,left-hand bat,right-arm medium,,,,,,,,,,,,,,
432960,SR Harmer,3,bowler,right-hand bat,right-arm offbreak,,,,,,,,,,,,,,
269280,RR Hendricks,3,opening batter,right-hand bat,right-arm offbreak,27,27,694,27.76,77.62,1,5,1,47,6.71,42,27.76,47,1
276997,S Ismail,3,bowler,left-hand bat,right-arm fast-medium,,,,,,,,,,,,,,
499254,S Jafta,3,wicketkeeper,right-hand bat,,,,,,,,,,,,,,,
696401,M Jansen,3,bowling allrounder,right-hand bat,left-arm fast,5,4,60,20,93.75,0,0,5,53.6,6.06,53,20,53.6,5
351836,M Kapp,3,allrounder,right-hand bat,right-arm medium,,,,,,,,,,,,,,
387261,A Khaka,3,bowler,right-hand bat,right-arm medium,,,,,,,,,,,,,,
364368,M Klaas,3,bowler,right-hand bat,right-arm medium,,,,,,,,,,,,,,
436757,H Klaasen,3,wicketkeeper batter,right-hand bat,right-arm offbreak,33,31,933,35.88,98.21,1,5,0,,6.6,,35.88,,0
483484,L Lee,3,opening batter,right-hand bat,right-arm medium-fast,,,,,,,,,,,,,,
487007,S Luus,3,allrounder,right-hand bat,legbreak,,,,,,,,,,,,,,
379776,SSB Magala,3,bowler,right-hand bat,right-arm fast-medium,5,3,7,3.5,58.33,0,0,6,42.5,7.08,36,3.5,42.5,6
267724,KA Maharaj,3,bowler,right-hand bat,slow left-arm orthodox,27,13,159,14.45,95.2,0,0,29,37.03,4.79,46.3,14.45,37.03,29
605680,JN Malan,3,top-order batter,right-hand bat,legbreak,23,22,958,47.9,83.3,3,4,,,,,47.9,,
600498,AK Markram,3,opening batter,right-hand bat,right-arm offbreak,47,44,1189,29,88.53,0,5,12,40.08,5.72,42,29,40.08,12
321777,DA Miller,3,middle-order batter,left-hand bat,right-arm offbreak,152,130,3780,42,102.18,5,20,,,,,42,,
971203,N Mlaba,3,bowler,right-hand bat,slow left-arm orthodox,,,,,,,,,,,,,,
698189,PWA Mulder,3,allrounder,right-hand bat,right-arm medium,12,10,81,13.5,81,0,0,10,34.1,5.77,35.4,13.5,34.1,10
542023,L Ngidi,3,bowler,right-hand bat,right-arm fast-medium,42,15,67,13.4,63.2,0,0,71,26.52,5.68,27.9,13.4,26.52,71
481979,A Nortje,3,bowler,right-hand bat,right-arm fast,19,5,25,6.25,62.5,0,0,34,25.7,5.83,26.4,6.25,25.7,34
629578,R Ntozakhe,3,bowler,right-hand bat,right-arm offbreak,,,,,,,,,,,,,,
486679,D Olivier,3,bowler,right-hand bat,right-arm fast-medium,2,,,,,,,3,41.33,6.52,38,,41.33,3
265564,WD Parnell,3,bowler,left-hand bat,left-arm medium-fast,72,42,570,20.35,79.27,0,1,98,30.4,5.6,32.5,20.35,30.4,98
485676,KD Petersen,3,top-order batter,right-hand bat,legbreak,,,,,,,,,,,,,,
540316,AL Phehlukwayo,3,bowling allrounder,left-hand bat,right-arm medium-fast,74,47,742,23.93,86.37,0,2,87,31.54,5.73,32.9,23.93,31.54,87
327830,D Pretorius,3,bowling allrounder,right-hand bat,right-arm medium-fast,27,13,192,16,85.71,0,1,35,27.05,4.96,32.6,16,27.05,35
550215,K Rabada,3,bowler,left-hand bat,right-arm fast,88,36,317,15.85,82.76,0,0,137,27.7,5.02,33,15.85,27.7,137
463208,MV Waldron,29,wicketkeeper batter,right-hand bat,,,,,,,,,,,,,,,
928059,B White,29,bowler,right-hand bat,legbreak,,,,,,,,,,,,,,
364343,CA Young,29,bowler,right-hand bat,right-arm fast-medium,36,22,82,6.83,74.54,0,0,59,26.62,5.48,29.1,6.83,26.62,59
554691,AR Patel,6,bowling allrounder,left-hand bat,slow left-arm orthodox,49,29,381,19.05,105.24,0,2,56,31.07,4.44,41.9,19.05,31.07,56
390481,HV Patel,6,bowler,right-hand bat,right-arm medium,,,,,,,,,,,,,,
630972,Poonam Yadav,6,bowler,right-hand bat,legbreak googly,,,,,,,,,,,,,,
917159,M Prasidh Krishna,6,bowler,right-hand bat,right-arm fast-medium,,,,,,,,,,,,,,
32540,CA Pujara,6,top-order batter,right-hand bat,legbreak,5,5,51,10.2,39.23,0,0,,,,,10.2,,
422108,KL Rahul,6,opening batter,right-hand bat,,51,49,1870,44.52,87.34,5,12,,,,,44.52,,
54273,M Raj,6,top-order batter,right-hand bat,legbreak,,,,,,,,,,,,,,
556537,S Rana,6,bowling allrounder,right-hand bat,right-arm offbreak,,,,,,,,,,,,,,
1175441,Ravi Bishnoi,6,bowler,right-hand bat,legbreak googly,1,1,4,,200,0,0,1,69,8.62,48,,69,1
960853,Renuka Singh,6,bowler,right-hand bat,right-arm medium-fast,,,,,,,,,,,,,,
883405,JI Rodrigues,6,middle-order batter,right-hand bat,right-arm offbreak,,,,,,,,,,,,,,
425943,SV Samson,6,wicketkeeper batter,right-hand bat,,11,10,330,66,104.76,0,2,,,,,66,,
1163695,KR Sen,6,bowler,right-hand bat,right-arm fast,,,,,,,,,,,,,,
1182523,Shafali Verma,6,opening batter,right-hand bat,right-arm offbreak,,,,,,,,,,,,,,
1159711,Shahbaz Ahmed,6,allrounder,left-hand bat,slow left-arm orthodox,,,,,,,,,,,,,,
597811,DB Sharma,6,allrounder,left-hand bat,right-arm offbreak,,,,,,,,,,,,,,
34102,RG Sharma,6,top-order batter,right-hand bat,right-arm offbreak,241,234,9782,48.91,89.89,30,48,8,64.37,5.21,74.1,48.91,64.37,8
1079848,Shivam Mavi,6,bowler,right-hand bat,right-arm fast-medium,,,,,,,,,,,,,,
1070173,Shubman Gill,6,opening batter,right-hand bat,right-arm offbreak,21,21,1254,73.76,109.8,4,5,,,,,73.76,,
475281,SN Thakur,6,bowler,right-hand bat,right-arm medium,34,21,298,19.86,109.96,0,1,50,31.74,6.22,30.5,19.86,31.74,50
446763,RA Tripathi,6,top-order batter,right-hand bat,right-arm medium,,,,,,,,,,,,,,
1246528,Umran Malik,6,bowler,right-hand bat,right-arm fast,8,3,2,,22.22,0,0,13,27.3,6.45,25.3,,27.3,13
390484,JD Unadkat,6,bowler,right-hand bat,left-arm medium,7,,,,,,,8,26.12,4.01,39,,26.12,8
709837,DP Vaidya,6,allrounder,left-hand bat,legbreak googly,,,,,,,,,,,,,,
883413,P Vastrakar,6,bowler,right-hand bat,right-arm medium,,,,,,,,,,,,,,
452044,GH Vihari,6,batting allrounder,right-hand bat,right-arm offbreak,,,,,,,,,,,,,,
719715,Washington Sundar,6,bowling allrounder,left-hand bat,right-arm offbreak,16,9,233,29.12,85.66,0,1,16,27.18,5.05,32.2,29.12,27.18,16
447587,J Yadav,6,bowler,right-hand bat,right-arm offbreak,2,2,3,3,42.85,0,0,1,61,4.35,84,3,61,1
960737,RP Yadav,6,bowler,right-hand bat,slow left-arm orthodox,,,,,,,,,,,,,,
446507,SA Yadav,6,batter,right-hand bat,"right-arm medium,right-arm offbreak",20,18,433,28.86,102.85,0,2,,,,,28.86,,
376116,UT Yadav,6,bowler,right-hand bat,right-arm fast,75,24,79,7.9,58.95,0,0,106,33.63,6.01,33.5,7.9,33.63,106
638256,JN Nkomo,9,,right-hand bat,right-arm medium-fast,,,,,,,,,,,,,,
453277,VM Nyauchi,9,bowler,right-hand bat,right-arm fast-medium,10,6,43,7.16,82.69,0,0,7,50.42,5.26,57.4,7.16,50.42,7
1135025,L Phiri,9,,right-hand bat,right-arm offbreak,,,,,,,,,,,,,,
951781,M Shumba,9,top-order batter,left-hand bat,slow left-arm orthodox,6,5,27,6.75,46.55,0,0,0,,6.14,,6.75,,0
1080012,N Sibanda,9,,left-hand bat,left-arm medium,,,,,,,,,,,,,,
299572,Sikandar Raza,9,batting allrounder,right-hand bat,right-arm offbreak,126,120,3724,36.5,84.52,6,20,71,45.32,4.91,55.3,36.5,45.32,71
392945,DT Tiripano,9,bowler,right-hand bat,right-arm fast-medium,38,29,364,17.33,66.3,0,1,36,40.44,5.79,41.8,17.33,40.44,36
538593,L Tshuma,9,,right-hand bat,right-arm medium,,,,,,,,,,,,,,
722321,TE Tsiga,9,wicketkeeper batter,right-hand bat,right-arm medium,,,,,,,,,,,,,,
55870,SC Williams,9,middle-order batter,left-hand bat,slow left-arm orthodox,147,142,4266,34.68,82.13,5,32,77,48.54,4.94,58.9,34.68,48.54,77
1208951,GE Plimmer,5,middle-order batter,right-hand bat,right-arm medium,,,,,,,,,,,,,,
380956,MJG Rippon,5,allrounder,right-hand bat,left-arm wrist-spin,9,7,180,30,70.86,0,2,13,23,4.46,30.9,30,23,13
543550,HM Rowe,5,bowler,right-hand bat,right-arm medium,,,,,,,,,,,,,,
502714,MJ Santner,5,bowling allrounder,left-hand bat,slow left-arm orthodox,93,70,1248,28.36,89.39,0,3,90,38.58,4.87,47.5,28.36,38.58,90
233007,AE Satterthwaite,5,top-order batter,left-hand bat,right-arm offbreak,,,,,,,,,,,,,,
959769,BV Sears,5,bowler,right-hand bat,right-arm medium-fast,,,,,,,,,,,,,,
962831,HB Shipley,5,bowler,right-hand bat,right-arm medium-fast,,,,,,,,,,,,,,
559066,IS Sodhi,5,bowler,right-hand bat,legbreak,39,19,144,9.6,72,0,0,51,34.39,5.42,38,9.6,34.39,51
232364,TG Southee,5,bowler,right-hand bat,right-arm medium-fast,154,93,720,12.41,96.38,0,1,210,33.46,5.43,36.9,12.41,33.46,210
380929,LMM Tahuhu,5,bowler,right-hand bat,right-arm medium-fast,,,,,,,,,,,,,,
38699,LRPL Taylor,5,middle-order batter,right-hand bat,right-arm offbreak,236,220,8607,47.55,83.32,21,51,0,,5,,47.55,,0
854909,BM Tickner,5,bowler,right-hand bat,right-arm medium-fast,9,5,4,4,30.76,0,0,13,38.3,6.64,34.6,4,38.3,13
233713,N Wagner,5,bowler,left-hand bat,left-arm medium-fast,,,,,,,,,,,,,,
277906,KS Williamson,5,top-order batter,right-hand bat,right-arm offbreak,161,153,6554,47.83,80.97,13,42,37,35.4,5.35,39.6,47.83,35.4,37
547749,WA Young,5,top-order batter,right-hand bat,right-arm offbreak,8,8,240,40,92.3,2,0,,,,,40,,
348056,KR Mayers,4,batting allrounder,left-hand bat,right-arm medium,17,16,486,30.37,89.33,2,1,6,56.5,5.77,58.6,30.37,56.5,6
906783,OC McCoy,4,bowler,left-hand bat,left-arm fast-medium,2,1,0,,0,0,0,4,27.25,7.78,21,,27.25,4
474201,NY McLean,4,top-order batter,right-hand bat,,,,,,,,,,,,,,,
530814,MJ Mindley,4,bowler,right-hand bat,right-arm fast-medium,,,,,,,,,,,,,,
55187,A Mohammed,4,bowler,right-hand bat,right-arm offbreak,,,,,,,,,,,,,,
670045,G Motie,4,bowler,left-hand bat,slow left-arm orthodox,4,3,15,5,55.55,0,0,8,16.75,3.65,27.5,5,16.75,8
355355,CN Nation,4,middle-order batter,right-hand bat,,,,,,,,,,,,,,,
677081,KMA Paul,4,allrounder,right-hand bat,right-arm fast-medium,23,17,266,22.16,92.68,0,0,25,39.08,6,39,22.16,39.08,25
274921,V Permaul,4,bowler,right-hand bat,slow left-arm orthodox,7,4,19,6.33,73.07,0,0,8,33.87,4.91,41.3,6.33,33.87,8
914467,A Phillip,4,bowler,right-hand bat,right-arm fast-medium,5,2,22,22,88,0,0,4,51.75,6.36,48.7,22,51.75,4
230559,KA Pollard,4,batting allrounder,right-hand bat,right-arm medium,123,113,2706,26.01,94.41,3,13,55,39.29,5.69,41.3,26.01,39.29,55
604302,N Pooran,4,wicketkeeper batter,left-hand bat,right-arm offbreak,52,49,1555,36.16,96.1,1,11,6,29,6.17,28.1,36.16,29,6
820351,R Powell,4,middle-order batter,right-hand bat,right-arm medium-fast,45,42,897,23,83.05,1,2,3,91.66,5.89,93.3,23,91.66,3
769517,K Ramharack,4,bowler,left-hand bat,right-arm offbreak,,,,,,,,,,,,,,
450101,RA Reifer,4,allrounder,left-hand bat,left-arm medium-fast,5,4,36,9,50.7,0,0,5,26.6,5.58,28.6,9,26.6,5
230553,KAJ Roach,4,bowler,right-hand bat,right-arm fast-medium,95,60,308,12.83,51.85,0,0,125,31.08,5.09,36.6,12.83,31.08,125
1325398,A Scantlebury,4,middle-order batter,right-hand bat,,,,,,,,,,,,,,,
1230583,KC Schultz,4,bowler,right-hand bat,slow left-arm orthodox,,,,,,,,,,,,,,
1199304,JNT Seales,4,bowler,left-hand bat,right-arm fast-medium,7,3,16,16,55.17,0,0,4,80.25,5.81,82.7,16,80.25,4
355356,SC Selman,4,bowler,right-hand bat,right-arm medium,,,,,,,,,,,,,,
1325395,Shaunte Carrington,4,bowler,right-hand bat,right-arm offbreak,,,,,,,,,,,,,,
677077,R Shepherd,4,bowling allrounder,right-hand bat,right-arm fast-medium,18,14,213,17.75,94.24,0,1,11,54.63,5.35,61.1,17.75,54.63,11
1206110,K Sinclair,4,bowler,right-hand bat,right-arm offbreak,3,1,3,,75,0,0,5,24.6,4.34,34,,24.6,5
820691,OF Smith,4,bowling allrounder,right-hand bat,right-arm fast-medium,5,5,144,36,192,0,0,6,20.33,5.04,24.1,36,20.33,6
355359,SR Taylor,4,allrounder,right-hand bat,right-arm offbreak,,,,,,,,,,,,,,
248920,DC Thomas,4,top-order batter,right-hand bat,right-arm medium,21,19,238,14,65.38,0,0,2,5.5,9.42,3.5,14,5.5,2
443263,HR Walsh,4,bowler,left-hand bat,legbreak googly,22,12,155,17.22,73.11,0,0,28,31.82,5.41,35.2,17.22,31.82,28
1325401,A Williams,4,allrounder,right-hand bat,right-arm medium,,,,,,,,,,,,,,
769427,RS Williams,4,wicketkeeper batter,right-hand bat,,,,,,,,,,,,,,,
1268281,Zaida James,4,allrounder,left-hand bat,slow left-arm orthodox,,,,,,,,,,,,,,
774223,JA Richardson,2,bowler,right-hand bat,right-arm fast,15,9,93,18.6,86.91,0,0,27,29.37,5.87,30,18.6,29.37,27
272262,KW Richardson,2,bowler,right-hand bat,right-arm fast-medium,25,12,75,15,110.29,0,0,39,31.79,5.67,33.6,15,31.79,39
826901,DR Sams,2,allrounder,right-hand bat,left-arm fast-medium,,,,,,,,,,,,,,
420314,M Schutt,2,bowler,right-hand bat,right-arm fast-medium,,,,,,,,,,,,,,
267192,SPD Smith,2,middle-order batter,right-hand bat,legbreak googly,139,124,4917,45.11,87.64,12,29,28,34.67,5.41,38.4,45.11,34.67,28
311592,MA Starc,2,bowler,left-hand bat,left-arm fast,107,60,469,12.34,86.05,0,1,211,22.13,5.08,26.1,12.34,22.13,211
325012,MP Stoinis,2,batting allrounder,right-hand bat,right-arm medium,57,52,1296,28.8,92.63,1,6,37,44.51,5.96,44.7,28.8,44.51,37
1071705,A Sutherland,2,allrounder,right-hand bat,right-arm medium-fast,,,,,,,,,,,,,,
590326,MJ Swepson,2,bowler,right-hand bat,legbreak,3,1,2,2,100,0,0,3,53.66,6.11,52.6,2,53.66,3
230193,MS Wade,2,wicketkeeper batter,left-hand bat,right-arm medium,97,83,1867,26.29,81.59,1,11,,,,,26.29,,
219889,DA Warner,2,opening batter,left-hand bat,legbreak,141,139,6007,45.16,95.25,19,27,0,,8,,45.16,,0
381305,A Wellington,2,bowler,right-hand bat,legbreak,,,,,,,,,,,,,,
379504,A Zampa,2,bowler,right-hand bat,legbreak googly,76,35,206,9.36,62.04,0,0,127,28.66,5.44,31.6,9.36,28.66,127
1194795,M Pathirana,8,bowler,right-hand bat,right-arm medium,,,,,,,,,,,,,,
371185,GWHM Perera,8,middle-order batter,left-hand bat,right-arm medium-fast,,,,,,,,,,,,,,
335236,KDU Prabodhani,8,bowler,right-hand bat,left-arm medium,,,,,,,,,,,,,,
826689,Pramod Madushan,8,bowler,right-hand bat,right-arm medium-fast,1,1,15,15,28.84,0,0,1,13,4.33,18,15,13,1
342619,PBB Rajapaksa,8,top-order batter,left-hand bat,right-arm medium,5,5,89,17.8,104.7,0,1,,,,,17.8,,
499594,CAK Rajitha,8,bowler,right-hand bat,right-arm medium-fast,16,8,48,24,64,0,0,23,34.52,6.4,32.3,24,34.52,23
429180,OU Ranasinghe,8,bowling allrounder,left-hand bat,right-arm offbreak,,,,,,,,,,,,,,
434844,I Ranaweera,8,bowler,left-hand bat,slow left-arm orthodox,,,,,,,,,,,,,,
493860,MAA Sanjeewani,8,wicketkeeper batter,right-hand bat,,,,,,,,,,,,,,,
1321016,EMKNH Senavirathna,8,middle-order batter,right-hand bat,,,,,,,,,,,,,,,
684561,Tharika Sewwandi,8,bowler,left-hand bat,left-arm medium-fast,,,,,,,,,,,,,,
437316,MD Shanaka,8,allrounder,right-hand bat,right-arm medium,48,44,1067,26.67,94.67,2,3,15,38.2,6.03,38,26.67,38.2,15
683433,M Shehani,8,bowler,right-hand bat,"right-arm medium-fast,right-arm offbreak",,,,,,,,,,,,,,
1321015,HDRS Silva,8,bowler,right-hand bat,legbreak,,,,,,,,,,,,,,
1138316,M Theekshana,8,bowler,right-hand bat,right-arm offbreak,12,7,31,15.5,43.66,0,0,13,37.76,4.5,50.3,15.5,37.76,13
301236,HDRL Thirimanne,8,top-order batter,left-hand bat,right-arm medium-fast,127,106,3194,34.71,72.27,4,21,3,31.33,5.42,34.6,34.71,31.33,3
955235,N Thushara,8,bowler,right-hand bat,right-arm medium-fast,,,,,,,,,,,,,,
370040,JDF Vandersay,8,bowler,right-hand bat,legbreak,20,12,89,8.9,41.98,0,0,25,32.08,5.6,34.3,8.9,32.08,25
442310,PM Weerakkody,8,,left-hand bat,,,,,,,,,,,,,,,
1152427,DN Wellalage,8,bowler,left-hand bat,slow left-arm orthodox,9,7,109,18.16,77.3,0,0,9,33.66,5.94,34,18.16,33.66,9
941803,Nashra Sandhu,7,bowler,right-hand bat,slow left-arm orthodox,,,,,,,,,,,,,,
333355,Nida Dar,7,bowling allrounder,right-hand bat,right-arm offbreak,,,,,,,,,,,,,,
238672,Noman Ali,7,bowler,left-hand bat,slow left-arm orthodox,,,,,,,,,,,,,,
941777,Omaima Sohail,7,top-order batter,right-hand bat,right-arm offbreak,,,,,,,,,,,,,,
1315572,Sadaf Shamas,7,,right-hand bat,right-arm medium,,,,,,,,,,,,,,
1204917,Sadia Iqbal,7,bowler,left-hand bat,slow left-arm orthodox,,,,,,,,,,,,,,
1062812,Sajid Khan,7,bowling allrounder,right-hand bat,right-arm offbreak,,,,,,,,,,,,,,
227760,Sarfaraz Ahmed,7,wicketkeeper batter,right-hand bat,right-arm offbreak,117,91,2315,33.55,87.85,2,11,0,,7.5,,33.55,,0
652687,Saud Shakeel,7,middle-order batter,left-hand bat,left-arm slow,5,4,67,22.33,66.33,0,1,1,37,4.72,47,22.33,37,1
922943,Shadab Khan,7,allrounder,right-hand bat,legbreak,53,31,596,28.38,80,0,4,70,31.64,5.09,37.2,28.38,31.64,70
1072470,Shaheen Shah Afridi,7,bowler,left-hand bat,left-arm fast,32,16,102,17,68.45,0,0,62,23.87,5.51,25.9,17,23.87,62
1203995,Shahnawaz Dahani,7,bowler,right-hand bat,right-arm fast-medium,2,2,4,,133.33,0,0,1,73,4.56,96,,73,1
233901,Shan Masood,7,opening batter,left-hand bat,right-arm medium-fast,6,6,111,18.5,75.51,0,1,,,,,18.5,,
362356,Sidra Ameen,7,opening batter,right-hand bat,right-arm medium-fast,,,,,,,,,,,,,,
500733,Sidra Nawaz,7,wicketkeeper batter,right-hand bat,,,,,,,,,,,,,,,
1204959,Tuba Hassan,7,bowler,right-hand bat,legbreak,,,,,,,,,,,,,,
1341174,Umm-e-Hani,7,,right-hand bat,right-arm offbreak,,,,,,,,,,,,,,
647667,Usama Mir,7,bowler,right-hand bat,legbreak,,,,,,,,,,,,,,
348152,Usman Qadir,7,bowler,left-hand bat,legbreak,1,,,,,,,1,48,5.33,54,,48,1
43685,Yasir Shah,7,bowler,right-hand bat,legbreak googly,25,13,127,18.14,85.23,0,0,24,47.91,5.33,53.8,18.14,47.91,24
433614,Zahid Mahmood,7,bowler,right-hand bat,legbreak,4,2,9,9,90,0,0,4,55,6.11,54,9,55,4
605661,RD Rickelton,3,wicketkeeper batter,left-hand bat,,,,,,,,,,,,,,,
318845,RR Rossouw,3,top-order batter,left-hand bat,right-arm offbreak,36,35,1239,38.71,94.36,3,7,1,44,5.86,45,38.71,44,1
939229,TS Sekhukhune,3,bowler,left-hand bat,right-arm fast-medium,,,,,,,,,,,,,,
379145,T Shamsi,3,bowler,right-hand bat,left-arm wrist-spin,41,8,18,9,43.9,0,0,51,35.98,5.53,39,9,35.98,51
698143,L Sipamla,3,bowler,right-hand bat,right-arm fast-medium,5,2,14,,73.68,0,0,2,86,5.67,91,,86,2
503123,A Steyn,3,opening batter,right-hand bat,right-arm medium-fast,,,,,,,,,,,,,,
595978,T Stubbs,3,wicketkeeper batter,right-hand bat,right-arm offbreak,,,,,,,,,,,,,,
481803,GA Stuurman,3,bowler,right-hand bat,right-arm fast-medium,,,,,,,,,,,,,,
453370,CL Tryon,3,allrounder,right-hand bat,slow left-arm orthodox,,,,,,,,,,,,,,
939253,D Tucker,3,allrounder,right-hand bat,right-arm offbreak,,,,,,,,,,,,,,
337790,HE van der Dussen,3,top-order batter,right-hand bat,legbreak,41,35,1679,67.16,90.31,4,11,1,3,3,6,67.16,3,1
595004,K Verreynne,3,wicketkeeper batter,right-hand bat,right-arm offbreak,12,10,371,41.22,84.51,0,4,,,,,41.22,,
379887,LB Williams,3,bowler,left-hand bat,right-arm medium-fast,1,,,,,,,1,62,7.75,48,,62,1
922481,L Wolvaardt,3,opening batter,right-hand bat,,,,,,,,,,,,,,,
318842,K Zondo,3,batter,right-hand bat,right-arm offbreak,6,6,146,29.2,63.2,0,1,,,,,29.2,,
550187,Zubayr Hamza,3,batter,right-hand bat,legbreak,1,1,56,56,70.88,0,1,,,,,56,,
